"# HOW TO LABEL (30 rows). Fill in the three columns faithful, citation_correct and notes; leave everything else as it is."
"# faithful: 1 if EVERY number and factual claim in `answer` is supported by `sql_result` (the rows the SQL returned), else 0."
"#   Rounding and reformatting are fine: 445.6018 -> ""£445.60"", 0.387 -> ""38.7%"", 17068582.72 -> ""£17.1 million"", and so is counting the result rows."
"#   Put 0 for a number that is not in the result, a wrong rounding, a total/average/ranking the result does not contain, the wrong period/unit/entity, or an invented explanation."
#   Judge ONLY answer vs result. Do NOT judge whether the SQL was the right query: a correct restatement of a wrong result is still faithful (1).
"#   A short phrase naming the definition used (e.g. ""active = ordered in the last 90 days"") is fine if the cited doc says that."
"# citation_correct: 1 if the docs in `cited_docs` are the right basis for the answer, else 0. Open the docs in knowledge/<doc id>.md."
"#   1 = every cited doc is current (not deprecated), relevant, and defines what the SQL actually computes; AND if the question depends on a business definition that one of `docs_shown_to_agent` provides, that doc is cited."
"#   1 is also right for an empty `cited_docs` when the question needs no business definition (plain column arithmetic such as ""total revenue in 2010"")."
"#   0 = cites a deprecated doc, cites a doc whose definition the SQL does not follow, cites irrelevant docs as its basis, or omits a needed definition doc."
"# Use only 1 or 0 in the two label columns. If you are unsure, pick your best guess and write why in notes. Save as CSV (keep the file name). Then run python -m analyst.agreement."
label_id,question,sql,sql_result,answer,cited_docs,docs_shown_to_agent,faithful,citation_correct,notes
L01,What share of 2010 revenue came in peak season?,"WITH yearly_revenue AS (SELECT SUM(revenue) AS total_revenue FROM fact_sales WHERE invoice_date >= '2010-01-01' AND invoice_date < '2011-01-01'), peak_revenue AS (SELECT SUM(revenue) AS peak_rev FROM fact_sales WHERE invoice_date >= '2010-09-01' AND invoice_date < '2010-12-01') SELECT (peak_rev / total_revenue) * 100 AS peak_season_share FROM yearly_revenue, peak_revenue","{""columns"": [""peak_season_share""], ""rows"": [[36.175026735602025]], ""row_count"": 1}","During 2010, the peak season—defined as the wholesale buying period from September through November—accounted for 36.18% of the total annual revenue.",metric-peak-season; metric-revenue; caveat-date-coverage,metric-peak-season; table-fact-sales; metric-revenue; caveat-date-coverage; metric-net-revenue; metric-aov; tier-validation; metric-large-order,,,
L02,How many active customers did we have at the end of Q3 2011?,SELECT COUNT(DISTINCT customer_id) FROM fact_sales WHERE invoice_date >= DATE '2011-10-01' - INTERVAL '90 days' AND invoice_date < '2011-10-01',"{""columns"": [""count""], ""rows"": [[2145]], ""row_count"": 1}","At the end of Q3 2011, we had 2,145 active customers. This figure represents customers who placed at least one order during the 90-day period leading up to that date.",metric-active-customer,metric-active-customer; caveat-missing-customer-ids; metric-active-customer-2009; metric-customer-count; metric-new-customer; metric-churn; sales-team-faq-2010; table-dim-customer,,,
L03,How many large orders did we receive in 2011?,SELECT COUNT(*) FROM (SELECT invoice FROM fact_sales WHERE invoice_date >= '2011-01-01' AND invoice_date < '2012-01-01' GROUP BY invoice HAVING SUM(revenue) >= 1000) AS large_orders,"{""columns"": [""count""], ""rows"": [[1168]], ""row_count"": 1}","We received 1,168 large orders in 2011, defined as invoices with a gross value of at least £1,000. Please note that this total covers the period up to December 9, 2011.",metric-large-order; metric-order-value; caveat-date-coverage,metric-large-order; sales-team-faq-2010; caveat-date-coverage; metric-aov; metric-active-customer; metric-order-value; metric-new-customer; caveat-cancellations,,,
L04,By what percentage did revenue for September to November 2011 change compared with September to November 2010?,"WITH revenue_data AS (SELECT SUM(CASE WHEN invoice_date >= '2010-09-01' AND invoice_date < '2010-12-01' THEN revenue ELSE 0 END) AS rev_2010, SUM(CASE WHEN invoice_date >= '2011-09-01' AND invoice_date < '2011-12-01' THEN revenue ELSE 0 END) AS rev_2011 FROM fact_sales) SELECT 100.0 * (rev_2011 - rev_2010) / NULLIF(rev_2010, 0) AS percentage_change FROM revenue_data","{""columns"": [""percentage_change""], ""rows"": [[3.5154779967150054]], ""row_count"": 1}",Revenue for the peak season (September to November) increased by 3.52% in 2011 compared to the same period in 2010.,metric-revenue; caveat-date-coverage; metric-peak-season,caveat-date-coverage; metric-revenue; tier-validation; metric-peak-season; metric-aov; metric-net-revenue; metric-cancellation-rate; table-fact-sales,,,
L05,"Among countries with at least £10,000 of revenue in 2010, which grew revenue by more than 50% from 2010 to 2011?","WITH revenue_by_year AS (SELECT country, SUM(CASE WHEN invoice_date >= '2010-01-01' AND invoice_date < '2011-01-01' THEN revenue ELSE 0 END) AS rev_2010, SUM(CASE WHEN invoice_date >= '2011-01-01' AND invoice_date < '2012-01-01' THEN revenue ELSE 0 END) AS rev_2011 FROM fact_sales WHERE country != 'Unspecified' GROUP BY country) SELECT country FROM revenue_by_year WHERE rev_2010 >= 10000 AND rev_2011 > (rev_2010 * 1.5)","{""columns"": [""country""], ""rows"": [[""Australia""], [""Belgium""], [""Japan""]], ""row_count"": 3}","Australia, Belgium, and Japan are the countries that generated at least £10,000 in revenue during 2010 and achieved a growth of more than 50% by December 9, 2011. These results are based on gross sales revenue, excluding unspecified countries and cancellations.",metric-international-revenue; metric-revenue; caveat-date-coverage,caveat-countries; metric-international-revenue; caveat-currency; metric-large-order; caveat-date-coverage; tier-validation; metric-customer-count; metric-revenue,,,
L06,"For sales to France, how many orders were placed and how many invoices were cancelled?","SELECT (SELECT COUNT(DISTINCT invoice) FROM fact_sales WHERE country = 'France') AS orders_placed, (SELECT COUNT(DISTINCT invoice) FROM fact_cancellations WHERE country = 'France') AS invoices_cancelled","{""columns"": [""orders_placed"", ""invoices_cancelled""], ""rows"": [[590, 124]], ""row_count"": 1}","For sales to France, there were 590 orders placed and 124 invoices cancelled. These figures were calculated by counting distinct sales invoices and distinct cancellation invoices respectively.",metric-order-value; table-fact-cancellations,sales-team-faq-2010; caveat-cancellations; table-fact-cancellations; metric-cancellation-rate; metric-order-value; metric-net-revenue; metric-revenue; table-dim-customer,,,
L07,"Which month of 2011 brought in the most new customers (first-ever purchase), and how many?","WITH first_orders AS (SELECT customer_id, MIN(invoice_date) AS first_order_date FROM fact_sales GROUP BY customer_id), monthly_new_customers AS (SELECT DATE_TRUNC('month', first_order_date) AS month, COUNT(customer_id) AS new_customer_count FROM first_orders WHERE first_order_date >= '2011-01-01' AND first_order_date < '2012-01-01' GROUP BY 1) SELECT TO_CHAR(month, 'YYYY-MM') AS month, new_customer_count FROM monthly_new_customers ORDER BY new_customer_count DESC LIMIT 1","{""columns"": [""month"", ""new_customer_count""], ""rows"": [[""2011-10"", 221]], ""row_count"": 1}","The month of October 2011 saw the highest number of new customer acquisitions, with a total of 221 first-time purchasers. This result is based on the definition of a new customer as someone whose first-ever order occurred during that specific period.",metric-new-customer; caveat-date-coverage,metric-new-customer; caveat-date-coverage; metric-customer-count; metric-peak-season; metric-active-customer; metric-churn; caveat-missing-customer-ids; metric-active-customer-2009,,,
L08,What was our international revenue in 2011?,SELECT SUM(revenue) FROM fact_sales WHERE invoice_date >= '2011-01-01' AND invoice_date < '2012-01-01' AND country != 'United Kingdom' AND country != 'Unspecified',"{""columns"": [""sum""], ""rows"": [[1422681.16]], ""row_count"": 1}","In 2011, our international revenue—defined as all sales excluding the United Kingdom and unspecified locations—totaled £1,422,681.16.",metric-international-revenue; metric-revenue,metric-international-revenue; caveat-countries; metric-aov; metric-revenue; metric-large-order; table-fact-sales; caveat-currency; caveat-date-coverage,,,
L09,What was the total revenue across all sales?,SELECT SUM(revenue) FROM fact_sales,"{""columns"": [""sum""], ""rows"": [[17068582.72]], ""row_count"": 1}","The total gross sales revenue across all sales is £17,068,582.72. This figure represents the sum of all merchandise sales, excluding items such as postage, bank charges, and cancellations.",metric-revenue,metric-revenue; table-fact-sales; metric-net-revenue; metric-aov; metric-customer-count; metric-international-revenue; metric-order-value; metric-large-order,,,
L10,"For each of the 3 countries with the most revenue, what is its single best-selling product by revenue (stock code and revenue)?","WITH country_revenue AS (SELECT country, SUM(revenue) as total_revenue FROM fact_sales GROUP BY country ORDER BY total_revenue DESC LIMIT 3), top_products AS (SELECT s.country, s.stock_code, SUM(s.revenue) as product_revenue, ROW_NUMBER() OVER (PARTITION BY s.country ORDER BY SUM(s.revenue) DESC) as rn FROM fact_sales s JOIN country_revenue cr ON s.country = cr.country GROUP BY s.country, s.stock_code) SELECT country, stock_code, product_revenue FROM top_products WHERE rn = 1","{""columns"": [""country"", ""stock_code"", ""product_revenue""], ""rows"": [[""EIRE"", ""22423"", 14636.85], [""Netherlands"", ""22326"", 13315.1], [""United Kingdom"", ""85123A"", 227965.51]], ""row_count"": 3}","For our top three revenue-generating countries, the best-selling products are item 85123A in the United Kingdom with £227,965.51 in revenue, item 22423 in EIRE with £14,636.85, and item 22326 in the Netherlands with £13,315.10. These figures represent gross revenue based on the country of sale as recorded on each invoice line.",table-fact-sales; metric-international-revenue,caveat-countries; metric-international-revenue; table-fact-sales; table-dim-product; metric-aov; caveat-non-product-codes; metric-large-order; metric-order-value,,,
L11,What was total revenue in calendar year 2010?,SELECT SUM(revenue) FROM fact_sales WHERE invoice_date >= '2010-01-01' AND invoice_date < '2011-01-01',"{""columns"": [""sum""], ""rows"": [[8218638.57]], ""row_count"": 1}","The total gross sales revenue for the calendar year 2010 was £8,218,638.57. This figure represents the sum of all merchandise sales recorded during that period.",metric-revenue,metric-revenue; caveat-date-coverage; metric-net-revenue; metric-aov; table-fact-sales; sales-team-faq-2010; metric-customer-count; table-dim-date,,,
L12,How many new customers did we win in 2011?,"WITH first_orders AS (SELECT customer_id, MIN(invoice_date) AS first_order_date FROM fact_sales GROUP BY customer_id) SELECT COUNT(customer_id) FROM first_orders WHERE first_order_date >= '2011-01-01' AND first_order_date < '2012-01-01'","{""columns"": [""count""], ""rows"": [[1537]], ""row_count"": 1}","We acquired 1,537 new customers in 2011, based on the date of their first ever order. Please note that this total covers the period up to December 9, 2011.",metric-new-customer; caveat-date-coverage,metric-new-customer; metric-customer-count; tier-validation; caveat-missing-customer-ids; caveat-date-coverage; sales-team-faq-2010; metric-churn; metric-active-customer,,,
L13,What was the average revenue per active customer in 2011?,"WITH active_customers_2011 AS (SELECT DISTINCT customer_id FROM fact_sales WHERE invoice_date >= '2011-01-01' AND invoice_date < '2012-01-01'), gross_revenue_2011 AS (SELECT SUM(revenue) AS total_gross_revenue FROM fact_sales WHERE invoice_date >= '2011-01-01' AND invoice_date < '2012-01-01') SELECT total_gross_revenue / (SELECT COUNT(*) FROM active_customers_2011) AS avg_revenue_per_active_customer FROM gross_revenue_2011","{""columns"": [""avg_revenue_per_active_customer""], ""rows"": [[1939.2567821547223]], ""row_count"": 1}","In 2011, the average revenue per active customer—defined as those who placed at least one order during that year—was £1,939.26.",metric-customer-count; metric-active-customer,metric-customer-count; metric-active-customer; caveat-missing-customer-ids; metric-aov; metric-active-customer-2009; tier-validation; metric-churn; table-dim-customer,,,
L14,What was the cancellation rate in 2010?,"WITH gross_sales AS (SELECT SUM(revenue) AS total_gross FROM fact_sales WHERE invoice_date >= '2010-01-01' AND invoice_date < '2011-01-01'), cancelled_sales AS (SELECT SUM(revenue) AS total_cancelled FROM fact_cancellations WHERE invoice_date >= '2010-01-01' AND invoice_date < '2011-01-01') SELECT CASE WHEN total_gross = 0 THEN 0 ELSE 100 * (-total_cancelled / total_gross) END AS cancellation_rate FROM gross_sales, cancelled_sales","{""columns"": [""cancellation_rate""], ""rows"": [[5.8224054498116224]], ""row_count"": 1}","In 2010, the value-based cancellation rate was 5.82%. This figure represents the percentage of total gross revenue that was lost to cancellations during that year.",metric-cancellation-rate,metric-cancellation-rate; caveat-cancellations; sales-team-faq-2010; metric-units-returns; metric-net-revenue; table-fact-cancellations; metric-revenue; metric-churn,,,
L15,What was our repeat customer rate in 2011?,"WITH customer_order_counts AS (SELECT customer_id, COUNT(DISTINCT invoice) as order_count FROM fact_sales WHERE invoice_date >= '2011-01-01' AND invoice_date < '2012-01-01' GROUP BY customer_id), metrics AS (SELECT COUNT(CASE WHEN order_count >= 2 THEN 1 END)::NUMERIC as repeat_customers, COUNT(*)::NUMERIC as total_customers FROM customer_order_counts) SELECT CASE WHEN total_customers = 0 THEN 0 ELSE (repeat_customers / total_customers) * 100 END as repeat_rate_2011 FROM metrics","{""columns"": [""repeat_rate_2011""], ""rows"": [[64.11960132890366]], ""row_count"": 1}","In 2011, our repeat customer rate was 64.12%. This figure represents the percentage of customers who placed two or more orders during that year.",metric-repeat-customer; metric-customer-count,metric-repeat-customer; metric-customer-count; tier-validation; caveat-missing-customer-ids; metric-churn; metric-new-customer; metric-cancellation-rate; rfm-segments,,,
L16,"What is the median order value, where an order's value is the total revenue of its invoice?",WITH order_values AS (SELECT SUM(revenue) AS order_value FROM fact_sales GROUP BY invoice) SELECT PERCENTILE_CONT(0.5) WITHIN GROUP (ORDER BY order_value) AS median_order_value FROM order_values,"{""columns"": [""median_order_value""], ""rows"": [[302.55]], ""row_count"": 1}","The median order value is £302.55. This figure represents the middle value of all gross revenue totals per invoice, excluding cancellation invoices.",metric-order-value,metric-aov; metric-order-value; metric-large-order; sales-team-faq-2010; table-fact-cancellations; table-fact-sales; metric-cancellation-rate; metric-aov-legacy,,,
L17,What was the average revenue per order for each of the top 3 countries by number of orders?,"WITH country_orders AS (SELECT country, COUNT(DISTINCT invoice) as order_count, SUM(revenue) as gross_revenue FROM fact_sales GROUP BY country), top_countries AS (SELECT country FROM country_orders ORDER BY order_count DESC LIMIT 3) SELECT t.country, t.gross_revenue / t.order_count as avg_revenue_per_order FROM country_orders t JOIN top_countries tc ON t.country = tc.country","{""columns"": [""country"", ""avg_revenue_per_order""], ""rows"": [[""France"", 524.4121355932203], [""Germany"", 509.0159362549801], [""United Kingdom"", 428.30770960103115]], ""row_count"": 3}","The average revenue per order for our top three countries is £524.41 in France, £509.02 in Germany, and £428.31 in the United Kingdom. These figures represent the average order value, calculated net of cancellations.",metric-order-value,metric-aov; metric-large-order; caveat-countries; metric-order-value; metric-international-revenue; table-fact-cancellations; table-fact-sales; sales-team-faq-2010,,,
L18,"What is the average order value, where an order's value is the total revenue of its invoice?","WITH net_revenue AS (SELECT (SELECT COALESCE(SUM(revenue), 0) FROM fact_sales) + (SELECT COALESCE(SUM(revenue), 0) FROM fact_cancellations) AS total_net_revenue), order_count AS (SELECT COUNT(DISTINCT invoice) AS total_orders FROM fact_sales) SELECT total_net_revenue / NULLIF(total_orders, 0) AS aov FROM net_revenue, order_count","{""columns"": [""aov""], ""rows"": [[436.50450702300924]], ""row_count"": 1}","The average order value, calculated as the net revenue per distinct invoice, is £436.50. This figure reflects the official AOV KPI, which accounts for both sales and cancellations.",metric-aov; metric-order-value,metric-aov; metric-order-value; metric-large-order; sales-team-faq-2010; metric-aov-legacy; metric-cancellation-rate; table-fact-cancellations; table-fact-sales,,,
L19,"What are the top 5 countries by revenue, and how much revenue did each generate?","SELECT country, SUM(revenue) AS total_revenue FROM fact_sales GROUP BY country ORDER BY total_revenue DESC LIMIT 5","{""columns"": [""country"", ""total_revenue""], ""rows"": [[""United Kingdom"", 14288773.5], [""EIRE"", 586626.08], [""Netherlands"", 549773.41], [""Germany"", 383289.0], [""France"", 309403.16]], ""row_count"": 5}","The top five countries by gross sales revenue are the United Kingdom (£14,288,773.50), EIRE (£586,626.08), the Netherlands (£549,773.41), Germany (£383,289.00), and France (£309,403.16). These figures represent the total gross sales revenue for each country.",metric-revenue; table-fact-sales,caveat-countries; metric-international-revenue; table-fact-sales; metric-aov; metric-revenue; metric-large-order; metric-net-revenue; metric-customer-count,,,
L20,"Of the customers who made a purchase in 2010, what percentage also made a purchase in 2011?","WITH customers_2010 AS (SELECT DISTINCT customer_id FROM retail.fact_sales WHERE invoice_date >= '2010-01-01' AND invoice_date < '2011-01-01'), customers_2011 AS (SELECT DISTINCT customer_id FROM retail.fact_sales WHERE invoice_date >= '2011-01-01' AND invoice_date < '2012-01-01') SELECT 100.0 * COUNT(c2011.customer_id) / COUNT(c2010.customer_id) FROM customers_2010 c2010 LEFT JOIN customers_2011 c2011 ON c2010.customer_id = c2011.customer_id","{""columns"": [""?column?""], ""rows"": [[63.162901307966706]], ""row_count"": 1}","Of the customers who made a purchase in 2010, 63.16% returned to make another purchase in 2011. This calculation is based on the count of distinct customers who placed orders during those respective periods.",metric-customer-count; caveat-date-coverage,metric-customer-count; caveat-date-coverage; caveat-missing-customer-ids; sales-team-faq-2010; metric-churn; rfm-segments; tier-validation; metric-cancellation-rate,,,
L21,How many active customers did we have in November 2011?,SELECT COUNT(DISTINCT customer_id) AS active_customers_nov_2011 FROM fact_sales WHERE invoice_date >= '2011-11-01' AND invoice_date < '2011-12-01',"{""columns"": [""active_customers_nov_2011""], ""rows"": [[1660]], ""row_count"": 1}","In November 2011, we had 1,660 active customers. This figure represents customers who placed at least one order during that month.",metric-active-customer,metric-customer-count; metric-active-customer-2009; metric-active-customer; caveat-missing-customer-ids; metric-churn; caveat-date-coverage; metric-new-customer; tier-validation,,,
L22,How many new customers did we acquire in September 2011?,"WITH first_orders AS (SELECT customer_id, MIN(invoice_date) AS first_order_date FROM fact_sales GROUP BY customer_id) SELECT COUNT(customer_id) FROM first_orders WHERE first_order_date >= '2011-09-01' AND first_order_date < '2011-10-01'","{""columns"": [""count""], ""rows"": [[188]], ""row_count"": 1}",We acquired 188 new customers in September 2011. A customer is defined as new if their first-ever order occurred during that month.,metric-new-customer; caveat-date-coverage,caveat-missing-customer-ids; metric-customer-count; metric-new-customer; caveat-date-coverage; sales-team-faq-2010; metric-churn; metric-active-customer; tier-validation,,,
L23,By what percentage did revenue in Q1 2011 change compared with Q1 2010?,"WITH q1_2010 AS (SELECT SUM(revenue) AS rev FROM fact_sales WHERE invoice_date >= '2010-01-01' AND invoice_date < '2010-04-01'), q1_2011 AS (SELECT SUM(revenue) AS rev FROM fact_sales WHERE invoice_date >= '2011-01-01' AND invoice_date < '2011-04-01') SELECT ((q1_2011.rev - q1_2010.rev) / q1_2010.rev) * 100 AS percentage_change FROM q1_2010, q1_2011","{""columns"": [""percentage_change""], ""rows"": [[-6.450418691599487]], ""row_count"": 1}","Revenue in the first quarter of 2011 decreased by 6.45% compared to the first quarter of 2010. This figure represents the change in gross sales revenue, calculated as the sum of merchandise sales.",metric-revenue; caveat-date-coverage,metric-revenue; metric-aov; caveat-date-coverage; tier-validation; metric-cancellation-rate; metric-net-revenue; table-fact-sales; rfm-segments,,,
L24,How many customers had churned as of the end of June 2011?,"WITH d AS (SELECT DATE '2011-06-30' AS d_date), all_customers AS (SELECT DISTINCT customer_id FROM fact_sales), customer_last_order AS (SELECT customer_id, MAX(invoice_date) AS last_order_date FROM fact_sales WHERE invoice_date < (SELECT d_date + INTERVAL '1 day' FROM d) GROUP BY customer_id) SELECT COUNT(*) FROM customer_last_order WHERE last_order_date < (SELECT d_date + INTERVAL '1 day' - INTERVAL '90 days' FROM d)","{""columns"": [""count""], ""rows"": [[3050]], ""row_count"": 1}","As of the end of June 2011, there were 3,050 customers who had churned. Based on the current definition, these are customers who placed an order in the past but did not make a purchase during the 90-day window leading up to that date.",metric-churn; metric-active-customer; caveat-date-coverage,metric-churn; caveat-missing-customer-ids; metric-churn-2010; metric-customer-count; caveat-date-coverage; metric-new-customer; sales-team-faq-2010; metric-active-customer,,,
L25,"Among products sold in both 2010 and 2011, which 5 had the largest revenue increase from 2010 to 2011? Give stock code and the increase.","WITH revenue_2010 AS (SELECT stock_code, SUM(revenue) AS rev_2010 FROM fact_sales WHERE invoice_date >= '2010-01-01' AND invoice_date < '2011-01-01' GROUP BY stock_code), revenue_2011 AS (SELECT stock_code, SUM(revenue) AS rev_2011 FROM fact_sales WHERE invoice_date >= '2011-01-01' AND invoice_date < '2012-01-01' GROUP BY stock_code) SELECT r2011.stock_code, (r2011.rev_2011 - r2010.rev_2010) AS revenue_increase FROM revenue_2011 r2011 JOIN revenue_2010 r2010 ON r2011.stock_code = r2010.stock_code ORDER BY revenue_increase DESC LIMIT 5","{""columns"": [""stock_code"", ""revenue_increase""], ""rows"": [[""22502"", 38787.7], [""47566"", 33197.63], [""22720"", 31275.1], [""22960"", 27319.22], [""22722"", 18805.2]], ""row_count"": 5}","The five products with the largest revenue growth between 2010 and 2011 are stock codes 22502 (£38,787.70), 47566 (£33,197.63), 22720 (£31,275.10), 22960 (£27,319.22), and 22722 (£18,805.20). These figures represent the increase in total revenue calculated from the fact_sales table for items sold in both years.",table-fact-sales,metric-large-order; table-fact-sales; table-dim-product; metric-peak-season; caveat-non-product-codes; sales-team-faq-2010; caveat-date-coverage; tier-validation,,,
L26,What was our churn rate at the end of 2010?,"WITH customer_activity AS (SELECT customer_id, MAX(invoice_date) AS last_order_date FROM fact_sales WHERE invoice_date < '2011-01-01' GROUP BY customer_id), total_customers AS (SELECT COUNT(DISTINCT customer_id) AS total_count FROM customer_activity), churned_customers AS (SELECT COUNT(*) AS churned_count FROM customer_activity WHERE last_order_date < '2011-01-01'::timestamp - INTERVAL '90 days') SELECT 100.0 * churned_count / total_count AS churn_rate FROM churned_customers, total_customers","{""columns"": [""churn_rate""], ""rows"": [[38.70220162224797]], ""row_count"": 1}","At the end of 2010, our churn rate was 38.70%. This is based on the definition where a customer is considered churned if they have not placed an order in the last 90 days.",metric-churn; caveat-date-coverage,metric-churn; metric-churn-2010; rfm-segments; caveat-date-coverage; metric-cancellation-rate; caveat-missing-customer-ids; tier-validation; metric-new-customer,,,
L27,"What are the 10 best-selling products by revenue? Give stock code, description and revenue.","SELECT s.stock_code, p.description, SUM(s.revenue) AS revenue FROM fact_sales s JOIN dim_product p ON s.stock_code = p.stock_code GROUP BY s.stock_code, p.description ORDER BY revenue DESC LIMIT 10","{""columns"": [""stock_code"", ""description"", ""revenue""], ""rows"": [[""22423"", ""REGENCY CAKESTAND 3 TIER"", 277656.25], [""85123A"", ""WHITE HANGING HEART T-LIGHT HOLDER"", 247203.36], [""23843"", ""PAPER CRAFT , LITTLE BIRDIE"", 168469.6], [""85099B"", ""JUMBO BAG RED RETROSPOT"", 167920.64], [""84879"", ""ASSORTED COLOUR BIRD ORNAMENT"", 124351.86], [""47566"", ""PARTY BUNTING"", 103283.38], [""23166"", ""MEDIUM CERAMIC TOP STORAGE JAR"", 81416.73], [""22086"", ""PAPER CHAIN KIT 50'S CHRISTMAS "", 76598.18], [""79321"", ""CHILLI LIGHTS"", 69084.3], [""22386"", ""JUMBO BAG PINK POLKADOT"", 67769.76]], ""row_count"": 10}","The top-selling product is the Regency Cakestand 3 Tier, which generated £277,656.25 in revenue, followed by the White Hanging Heart T-Light Holder at £247,203.36 and Paper Craft Little Birdie at £168,469.60. Rounding out the top ten are the Jumbo Bag Red Retrospot (£167,920.64), Assorted Colour Bird Ornament (£124,351.86), Party Bunting (£103,283.38), Medium Ceramic Top Storage Jar (£81,416.73), Paper Chain Kit 50's Christmas (£76,598.18), Chilli Lights (£69,084.30), and the Jumbo Bag Pink Polkadot (£67,769.76).",table-dim-product; table-fact-sales; metric-revenue,table-dim-product; caveat-non-product-codes; table-fact-sales; metric-revenue; metric-units-returns; metric-international-revenue; metric-order-value; metric-peak-season,,,
L28,"Among customers who bought in both 2010 and 2011, how many spent less in 2011 than in 2010?","WITH sales_2010 AS (SELECT customer_id, SUM(revenue) AS revenue_2010 FROM fact_sales WHERE invoice_date >= '2010-01-01' AND invoice_date < '2011-01-01' GROUP BY customer_id), sales_2011 AS (SELECT customer_id, SUM(revenue) AS revenue_2011 FROM fact_sales WHERE invoice_date >= '2011-01-01' AND invoice_date < '2012-01-01' GROUP BY customer_id) SELECT COUNT(*) FROM sales_2010 s10 JOIN sales_2011 s11 ON s10.customer_id = s11.customer_id WHERE s11.revenue_2011 < s10.revenue_2010","{""columns"": [""count""], ""rows"": [[1607]], ""row_count"": 1}","There were 1,607 customers who made purchases in both 2010 and 2011 but spent less in 2011 than they did in 2010. This calculation is based on gross sales revenue, which is the sum of merchandise revenue in GBP.",metric-revenue; metric-customer-count,caveat-date-coverage; metric-customer-count; caveat-missing-customer-ids; sales-team-faq-2010; metric-revenue; metric-active-customer; metric-new-customer; metric-churn,,,
L29,What was our average order value (AOV) in 2011?,"WITH net_revenue AS (SELECT (SELECT COALESCE(SUM(revenue), 0) FROM fact_sales WHERE invoice_date >= '2011-01-01' AND invoice_date < '2012-01-01') + (SELECT COALESCE(SUM(revenue), 0) FROM fact_cancellations WHERE invoice_date >= '2011-01-01' AND invoice_date < '2012-01-01') AS total_net_revenue), order_count AS (SELECT COUNT(DISTINCT invoice) AS total_orders FROM fact_sales WHERE invoice_date >= '2011-01-01' AND invoice_date < '2012-01-01') SELECT total_net_revenue / NULLIF(total_orders, 0) AS aov FROM net_revenue, order_count","{""columns"": [""aov""], ""rows"": [[445.60182619943555]], ""row_count"": 1}","In 2011, the average order value was £445.60. This figure is calculated as the net revenue—which accounts for both sales and cancellations—divided by the total number of orders for the period ending December 9th.",metric-aov; caveat-date-coverage,metric-aov; metric-aov-legacy; metric-order-value; metric-large-order; sales-team-faq-2010; caveat-date-coverage; metric-new-customer; metric-active-customer,,,
L30,What was the cumulative (running total) revenue at the end of each month of 2011?,"WITH monthly_revenue AS (SELECT d.month, d.month_start, SUM(s.revenue) AS monthly_rev FROM fact_sales s JOIN dim_date d ON s.date_key = d.date_key WHERE d.year = 2011 GROUP BY d.month, d.month_start) SELECT month_start, SUM(monthly_rev) OVER (ORDER BY month) AS cumulative_revenue FROM monthly_revenue ORDER BY month","{""columns"": [""month_start"", ""cumulative_revenue""], ""rows"": [[""2011-01-01"", 562682.91], [""2011-02-01"", 1004976.5], [""2011-03-01"", 1588120.35], [""2011-04-01"", 2042561.23], [""2011-05-01"", 2701803.72], [""2011-06-01"", 3355068.64], [""2011-07-01"", 3946672.43], [""2011-08-01"", 4582186.81], [""2011-09-01"", 5520939.44], [""2011-10-01"", 6523266.0], [""2011-11-01"", 7659800.0], [""2011-12-01"", 8172028.08]], ""row_count"": 12}","Throughout 2011, the cumulative gross sales revenue grew steadily from £562,682.91 in January to £1,004,976.50 by the end of February, reaching £8,172,028.08 by the end of December. The running total for the intervening months was £1,588,120.35 in March, £2,042,561.23 in April, £2,701,803.72 in May, £3,355,068.64 in June, £3,946,672.43 in July, £4,582,186.81 in August, £5,520,939.44 in September, £6,523,266.00 in October, and £7,659,800.00 in November.",metric-revenue; table-dim-date,caveat-date-coverage; metric-revenue; metric-net-revenue; metric-aov; metric-cancellation-rate; table-dim-date; metric-peak-season; table-fact-cancellations,,,
